subNumber,subName,streamName,subDate
0,DooleyNotedGaming,,5/11/2016
1,NeilGold,Testing cool mods and such,5/11/2016
2,GLP4X,Testing cool mods and such,5/11/2016
3,DemonSpock,Testing cool mods and such,5/11/2016
4,ArtemisSwan,Testing cool mods and such,5/11/2016
5,Vagabooty,Testing cool mods and such,5/11/2016
6,NobleLance,Testing cool mods and such,5/11/2016
7,AmericanSneakers,Testing cool mods and such,5/11/2016
8,InsanePacoTaco,Testing cool mods and such,5/11/2016
9,kakevik,Testing cool mods and such,5/11/2016
10,NotYoshihide,Testing cool mods and such,5/11/2016
11,Anenstrian,Testing cool mods and such,5/11/2016
12,TM_Cruze,Testing cool mods and such,5/11/2016
13,Mayorails,Testing cool mods and such,5/11/2016
14,5udzy5niper,Testing cool mods and such,5/11/2016
15,rtarcher,Testing cool mods and such,5/11/2016
16,Yourmomsbf1,Testing cool mods and such,5/11/2016
17,DramaticWarlord,Testing cool mods and such,5/11/2016
18,Ghost_Butts,Dooley Noted Sub Celebration,5/12/2016
19,SniperNoSniping488,Dooley Noted Sub Celebration,5/12/2016
20,Asheface,Dooley Noted Sub Celebration,5/12/2016
21,DeltaJFord,Dooley Noted Sub Celebration,5/12/2016
22,Ghengis_John,Dooley Noted Sub Celebration,5/12/2016
23,akparks23,Dooley Noted Sub Celebration,5/12/2016
24,BadmanAUS,Dooley Noted Sub Celebration,5/12/2016
25,DGOreo,Dooley Noted Sub Celebration,5/12/2016
26,07Spectre,Dooley Noted Sub Celebration,5/12/2016
27,SecondCoolest,Dooley Noted Sub Celebration,5/12/2016
28,DFarbs,Dooley Noted Sub Celebration,5/12/2016
29,WalkingSaints,Dooley Noted Sub Celebration,5/12/2016
30,gatertot,Dooley Noted Sub Celebration,5/12/2016
31,Glacirus,Dooley Noted Sub Celebration,5/12/2016
32,ApogBee,Dooley Noted Sub Celebration,5/12/2016
33,BaZach1991,Dooley Noted Sub Celebration,5/12/2016
34,CharlieRedfox97,Dooley Noted Sub Celebration,5/12/2016
35,tei_has_panfs,Dooley Noted Sub Celebration,5/12/2016
36,midget0mayhem,Dooley Noted Sub Celebration,5/12/2016
37,Jaegerello,Dooley Noted Sub Celebration,5/12/2016
38,ClassyJoe2,Dooley Noted Sub Celebration,5/12/2016
39,SillyWillySandoon,Dooley Noted Sub Celebration,5/12/2016
40,WarMan80,Dooley Noted Sub Celebration,5/12/2016
41,bazachsgf,Dooley Noted Sub Celebration,5/12/2016
42,blade1186,Dooley Noted Sub Celebration,5/12/2016
43,Funkylad,Dooley Noted Sub Celebration,5/12/2016
44,itsavengerstime,Dooley Noted Sub Celebration,5/12/2016
45,wtfhans,Dooley Noted Sub Celebration,5/12/2016
46,EarthborneGnome,Dooley Noted Sub Celebration,5/12/2016
47,NicolaiAAA,Dooley Noted Sub Celebration,5/12/2016
48,Catkiller128,Dooley Noted Sub Celebration,5/12/2016
49,nicsgotgame,Dooley Noted Sub Celebration,5/12/2016
50,RobSTAR4,Dooley Noted Sub Celebration,5/12/2016
51,AaronPortersIs,Dooley Noted Sub Celebration,5/12/2016
52,BaKer_bruh,Dooley Noted Sub Celebration,5/12/2016
53,Lightball20,Dooley Noted Sub Celebration,5/12/2016
54,heyimjill,Dooley Noted Sub Celebration,5/12/2016
55,Julie_nelson55,Dooley Noted Sub Celebration,5/12/2016
56,MajorMilkyway,Dooley Noted Sub Celebration,5/12/2016
57,Slacklemore,Dooley Noted Sub Celebration,5/12/2016
58,misakithecute,Dooley Noted Sub Celebration,5/12/2016
59,FallenValkyr,Dooley Noted Sub Celebration,5/12/2016
60,MyrkVandr,Dooley Noted Sub Celebration,5/12/2016
61,wannabehobo,Dooley Noted Sub Celebration,5/12/2016
62,canislupvs,Dooley Noted Sub Celebration,5/12/2016
63,SuperNuke4,Dooley Noted Sub Celebration,5/12/2016
64,Aarondgr81,Dooley Noted Sub Celebration,5/12/2016
65,Kazmoloves63,Dooley Noted Sub Celebration,5/12/2016
66,foxaflame,Dooley Noted Sub Celebration,5/12/2016
67,Shadowscale97,Dooley Noted Sub Celebration,5/12/2016
68,sammii19,Dooley Noted Sub Celebration,5/12/2016
69,seablack77,Dooley Noted Sub Celebration,5/12/2016
70,SpiderMwa,Dooley Noted Sub Celebration,5/12/2016
71,Batmansstubble,Dooley Noted Sub Celebration,5/12/2016
72,TJAG1994,Dooley Noted Sub Celebration,5/12/2016
73,TalentlessVirgin,Dooley Noted Sub Celebration,5/12/2016
74,,,5/12/2016
75,Skychaserr,Monster Truck Sub Celebration,5/12/2016
76,fatboycasey,Monster Truck Sub Celebration,5/12/2016
77,EthorXL,Monster Truck Sub Celebration,5/12/2016
78,heslielenderson,Monster Truck Sub Celebration,5/12/2016
79,Krahzi,Monster Truck Sub Celebration,5/12/2016
80,meelecoolerw,Monster Truck Sub Celebration,5/12/2016
81,midnighthockey88,Monster Truck Sub Celebration,5/12/2016
82,Zeldafanboy27,Monster Truck Sub Celebration,5/12/2016
83,Andymac39,Monster Truck Sub Celebration,5/12/2016
84,CPTWHOOSH,Monster Truck Sub Celebration,5/12/2016
85,Vampwrite,Monster Truck Sub Celebration,5/12/2016
86,Carlin225,Monster Truck Sub Celebration,5/12/2016
87,laurmander004,Monster Truck Sub Celebration,5/12/2016
88,lancinghawk00,Monster Truck Sub Celebration,5/12/2016
89,Swifty2400,Monster Truck Sub Celebration,5/12/2016
90,CappyChinoz,Monster Truck Sub Celebration,5/12/2016
91,mattbrow97,Monster Truck Sub Celebration,5/12/2016
92,Fullmetal372,Monster Truck Sub Celebration,5/12/2016
93,Jumpie8,Monster Truck Sub Celebration,5/12/2016
94,DJGrandCJ,Monster Truck Sub Celebration,5/12/2016
95,thyeggman,Monster Truck Sub Celebration,5/12/2016
96,nickringling,Monster Truck Sub Celebration,5/12/2016
97,Singularity_Girl,Monster Truck Sub Celebration,5/12/2016
98,lackadii,Monster Truck Sub Celebration,5/12/2016
99,thevioletdrag0n,Monster Truck Sub Celebration,5/12/2016
100,HopScotchHank,Monster Truck Sub Celebration,5/12/2016
101,BikiniViking,Monster Truck Sub Celebration,5/12/2016
102,Airrichan,Monster Truck Sub Celebration,5/12/2016
103,Milky_Bits,Monster Truck Sub Celebration,5/12/2016
104,Organicbutthole,Monster Truck Sub Celebration,5/12/2016
105,PandaStreamsYeah,Monster Truck Sub Celebration,5/12/2016
106,goter76,Monster Truck Sub Celebration,5/12/2016
107,Blackedemics,Monster Truck Sub Celebration,5/12/2016
108,,,
109,Welchsjuice86,DOOM 2016 Multiplayer,5/14/2016
110,Itstrisha,DOOM 2016 Multiplayer,5/14/2016
111,ReaperTess,DOOM 2016 Multiplayer,5/14/2016
112,KessijaScene,DOOM 2016 Multiplayer,5/14/2016
113,livinginmyimagination,DOOM 2016 Multiplayer,5/14/2016
114,Heartleaf459,DOOM 2016 Multiplayer,5/14/2016
115,GeeFknArr,DOOM 2016 Multiplayer,5/14/2016
116,Barterpetter,DOOM 2016 Multiplayer,5/14/2016
117,Str8edgeodst,DOOM 2016 Multiplayer,5/14/2016
118,BoringMoose95,DOOM 2016 Multiplayer,5/14/2016
119,Demdirtyblues,DOOM 2016 Multiplayer,5/14/2016
120,Majoramayhem,DOOM 2016 Multiplayer,5/14/2016
121,McAmnesia93,DOOM 2016 Multiplayer,5/14/2016
122,SeeWutGaming,DOOM 2016 Multiplayer,5/14/2016
123,,,5/14/2016
124,BingoCandy,Doom 2016,5/14/2016
125,RevolutionBarbie,Doom 2016,5/14/2016
126,TheDreadPirateRobertz,Doom 2016,5/14/2016
127,kimmiemarie,Doom 2016,5/14/2016
128,Emapop,Doom 2016,5/14/2016
129,aCole90,Doom 2016,5/14/2016
130,ghensi,Doom 2016,5/14/2016
131,MarvelingMissMarvel,Doom 2016,5/14/2016
132,Rigggy,Doom 2016,5/14/2016
133,sharkinaberet,Doom 2016,5/14/2016
134,Datt_Irish,Doom 2016,5/14/2016
135,CrimsonDragon019,Doom 2016,5/14/2016
136,Dreegin,Doom 2016,5/14/2016
137,TheMar00481,Doom 2016,5/14/2016
138,grillo9599,Wrecking Through the DOOM Campaign,5/15/2016
139,nobody10162,Wrecking Through the DOOM Campaign,5/15/2016
140,captain_khaine,Wrecking Through the DOOM Campaign,5/15/2016
141,Sliverheart117,Wrecking Through the DOOM Campaign,5/15/2016
142,Orimonster,Wrecking Through the DOOM Campaign,5/15/2016
143,Dinoclaw567,Wrecking Through the DOOM Campaign,5/15/2016
144,MetaNightmarex,Wrecking Through the DOOM Campaign,5/15/2016
145,BlackflameDS,Wrecking Through the DOOM Campaign,5/15/2016
146,MajorFoley,Wrecking Through the DOOM Campaign,5/15/2016
147,AERONAUGHT,Wrecking Through the DOOM Campaign,5/15/2016
148,HGDamian,Wrecking Through the DOOM Campaign,5/15/2016
149,tom6598,Wrecking Through the DOOM Campaign,5/15/2016
150,Chrysttii,Wrecking Through the DOOM Campaign,5/15/2016
151,mysteryfavor,Wrecking Through the DOOM Campaign,5/15/2016
152,IronBeast916,Wrecking Through the DOOM Campaign,5/15/2016
153,Queenthia,Wrecking Through the DOOM Campaign,5/15/2016
154,Ryan_pond,Wrecking Through the DOOM Campaign,5/15/2016
155,Cyphella,Wrecking Through the DOOM Campaign,5/15/2016
156,Rashern,Wrecking Through the DOOM Campaign,5/15/2016
157,geoem,Wrecking Through the DOOM Campaign,5/15/2016
158,BlueRoon,Wrecking Through the DOOM Campaign,5/15/2016
159,Fballcoach2001,Wrecking Through the DOOM Campaign,5/15/2016
160,Zephyrik,Wrecking Through the DOOM Campaign,5/15/2016
161,laramartinez,Wrecking Through the DOOM Campaign,5/15/2016
162,unexpectedrobin,Wrecking Through the DOOM Campaign,5/15/2016
163,Tashaliv3,Wrecking Through the DOOM Campaign,5/15/2016
164,AzuGazer,Wrecking Through the DOOM Campaign,5/15/2016
165,OfficialBassBeat,Wrecking Through the DOOM Campaign,5/15/2016
166,reinboyume,Quiplash with Audience,5/18/2016
167,MysticTacos,Quiplash with Audience,5/18/2016
168,skelefrogz,Quiplash with Audience,5/18/2016
169,Xxsharpsninexx,Quiplash with Audience,5/18/2016
170,TheKarame,Quiplash with Audience,5/18/2016
171,tcjohnsn,Quiplash with Audience,5/18/2016
172,dawgpoundorado,Quiplash with Audience,5/18/2016
173,Donny3675,Quiplash with Audience,5/18/2016
174,KrazyGameNerd,Quiplash with Audience,5/18/2016
175,ShowingNoMercy,Quiplash with Audience,5/18/2016
176,heyarnold79,Quiplash with Audience,5/18/2016
177,Tauxcinity,Quiplash with Audience,5/18/2016
178,samiol0,Quiplash with Audience,5/18/2016
179,mageltiger,Quiplash with Audience,5/18/2016
180,Kuraude,Fallout 4 Far Harbor!,5/19/2016
181,d3corey,Fallout 4 Far Harbor!,5/19/2016
182,therealzork65,Fallout 4 Far Harbor!,5/19/2016
183,Biffer09,Fallout 4 Far Harbor!,5/19/2016
184,MrSweetTeeth,Fallout 4 Far Harbor!,5/19/2016
185,Samedesu,Fallout 4 Far Harbor!,5/19/2016
186,Azure018,Fallout 4 Far Harbor!,5/19/2016
187,Canada_DotA,Fallout 4 Far Harbor!,5/19/2016
188,radkittykat,Fallout 4 Far Harbor!,5/19/2016
189,zachvillani,Fallout 4 Far Harbor!,5/19/2016
190,kateluvya,Fallout 4 Far Harbor!,5/19/2016
191,dnshraider,Fallout 4 Far Harbor!,5/19/2016
192,kleemjas,Fallout 4 Far Harbor!,5/19/2016
193,seranax,Fallout 4 Far Harbor!,5/19/2016
194,AlicedeAngelo,Fallout 4 Far Harbor!,5/19/2016
195,Oblivion369,Fallout 4 Far Harbor!,5/19/2016
196,Codegibbs,Fallout 4 Far Harbor!,5/19/2016
197,NotcuaMagpie,Fallout 4 Far Harbor!,5/19/2016
198,tyreesius_muffin,Fallout 4 Far Harbor!,5/19/2016
199,NinjaMonkey774,Fallout 4 Far Harbor!,5/19/2016
200,kellyMchavez,Fallout 4 Far Harbor!,5/19/2016
201,drewthedingas,Fallout 4 Far Harbor!,5/19/2016
202,shadowrisr,Fallout 4 Far Harbor!,5/19/2016
203,o3zone95,Fallout 4 Far Harbor!,5/19/2016
204,abbyno,Fallout 4 Far Harbor!,5/19/2016
205,Jasonic13,Fallout 4 Far Harbor!,5/19/2016
206,Americanhellfire,Fallout 4 Far Harbor Side Missions/Exploring,5/20/2016
207,DarcFreak,Fallout 4 Far Harbor Side Missions/Exploring,5/20/2016
208,Bonnieholyoak,Fallout 4 Far Harbor Side Missions/Exploring,5/20/2016
209,thebostonblaggard,Fallout 4 Far Harbor Side Missions/Exploring,5/20/2016
210,Randomcheese98,Fallout 4 Far Harbor Side Missions/Exploring,5/20/2016
211,DudeItsDonut,Fallout 4 Far Harbor Side Missions/Exploring,5/20/2016
212,SkullsAndKisses,Fallout 4 Far Harbor Side Missions/Exploring,5/20/2016
213,Rickrock87,Fallout 4 Far Harbor Side Missions/Exploring,5/20/2016
214,M0nkeyingAb0ut,Fallout 4 Far Harbor Side Missions/Exploring,5/20/2016
215,TophGear,Fallout 4 Far Harbor Side Missions/Exploring,5/20/2016
216,Awesomemikeho,Fallout 4 Far Harbor Side Missions/Exploring,5/20/2016
217,anyapants,Fallout 4 Far Harbor Side Missions/Exploring,5/20/2016
218,QuintinLLopez,Fallout 4 Far Harbor Side Missions/Exploring,5/20/2016
219,TheMarMan29,Fallout 4 Far Harbor Side Missions/Exploring,5/20/2016
220,Hezaku_Hasiba,Fallout 4 Far Harbor Side Missions/Exploring,5/20/2016
221,Devation,Fallout 4 Far Harbor Side Missions/Exploring,5/20/2016
222,defiledsoul,Fallout 4 Far Harbor Side Missions/Exploring,5/20/2016
223,Mlpcollin,Fallout 4 Far Harbor Side Missions/Exploring,5/20/2016
224,Adomb,Fallout 4 Far Harbor Side Missions/Exploring,5/20/2016
225,SunlessEnd,Fallout 4 Far Harbor Side Missions/Exploring,5/20/2016
226,LethaJ,Killing Zombies with the Dooley Noted Crew,5/22/2016
227,entorien_scriber,Killing Zombies with the Dooley Noted Crew,5/22/2016
228,pkmnfan4evr,Killing Zombies with the Dooley Noted Crew,5/22/2016
229,Dantedetheo,Killing Zombies with the Dooley Noted Crew,5/22/2016
230,Izlander_alik,Viva La Rebellion,5/23/2016
231,TallieCat,Viva La Rebellion,5/23/2016
232,Bear_Gasm,Viva La Rebellion,5/23/2016
233,Russspruce,Viva La Rebellion,5/23/2016
234,Disappointinggamers,Viva La Rebellion,5/23/2016
235,monokkrome,Viva La Rebellion,5/23/2016
236,FruityDogKid,Viva La Rebellion,5/23/2016
237,Sopholley,Viva La Rebellion,5/23/2016
238,banditbearrose,Viva La Rebellion,5/23/2016
239,Ironcelt,Viva La Rebellion,5/23/2016
240,agoodolhandy,Viva La Rebellion,5/23/2016
241,perjamensi,Viva La Rebellion,5/23/2016
242,fruitsbat,Viva La Rebellion,5/23/2016
243,TinaVel,Viva La Rebellion,5/23/2016
244,Noahperrin,Viva La Rebellion,5/23/2016
245,juggernuart3,Viva La Rebellion,5/23/2016
246,jariahsgone,Viva La Rebellion,5/23/2016
247,Theunknown62,Viva La Rebellion,5/23/2016
248,OpossumKing,Viva La Rebellion,5/23/2016
249,chocolavakek,Viva La Rebellion,5/23/2016
250,LordNightkind,Viva La Rebellion,5/23/2016
251,TheItchyPanda,Viva La Rebellion,5/23/2016
252,squidgits,Viva La Rebellion,5/23/2016
253,Likeaboss1148,Viva La Rebellion,5/23/2016
254,TF_Digs,Viva La Rebellion,5/23/2016
255,Blazing39,Viva La Rebellion,5/23/2016
256,TwitchyCoffee,Viva La Rebellion,5/23/2016
257,Darthdovahkiin44,Viva La Rebellion,5/23/2016
258,ccmullen94,Viva La Rebellion,5/23/2016
259,roninhellangel,Finish This Rebellion,5/26/2016
260,AH_Michaels_Dick,Finish This Rebellion,5/26/2016
261,queenofgames76,Finish This Rebellion,5/26/2016
262,CrimsonAdri,Finish This Rebellion,5/26/2016
263,AutumnAngel1775,Finish This Rebellion,5/26/2016
264,Faulkdaddy,Finish This Rebellion,5/26/2016
265,Llenio,Finish This Rebellion,5/26/2016
266,OutcastsAmoungOutcats,Finish This Rebellion,5/26/2016
267,AlexSno,Finish This Rebellion,5/26/2016
268,Queenkiminari,Finish This Rebellion,5/26/2016
269,rfilkins1992,Finish This Rebellion,5/26/2016
270,lVlofo2k,Finish This Rebellion,5/26/2016
271,Fishlips41,Finish This Rebellion,5/26/2016
272,Whoblewpikachu,Finish This Rebellion,5/26/2016
273,shadowrain1001,Testing New Equipment,6/8/2016
274,LivFish,Testing New Equipment,6/8/2016
275,Spontaniousity,Testing New Equipment,6/8/2016
276,DineapplePick,Testing New Equipment,6/8/2016
277,gamerbear82,Testing New Equipment,6/8/2016
278,Demonicbunie14,Testing New Equipment,6/8/2016
279,Kaijin3282,Testing New Equipment,6/8/2016
280,katiethereal,Testing New Equipment,6/8/2016
281,riseru,Testing New Equipment,6/8/2016
282,shinkudo333,Testing New Equipment,6/8/2016
283,Drukenclamz,Testing New Equipment,6/8/2016
284,KeriLin,Testing New Equipment,6/8/2016
285,maddiemay16,Testing New Equipment,6/8/2016
286,Rickie35,Testing New Equipment,6/8/2016
287,Keithcosty,Testing New Equipment,6/8/2016
288,weebabyseamus11,Testing New Equipment,6/8/2016
289,Karlos_baron,Quest for 300 ,6/9/2016
290,KizamiUsagi,Quest for 300 ,6/9/2016
291,69dankmemegod420,Quest for 300 ,6/9/2016
292,MrAttorney,Quest for 300 ,6/9/2016
293,Justfiat,Quest for 300 ,6/9/2016
294,geesuskhrist,Quest for 300 ,6/9/2016
295,iamalivenow,Quest for 300 ,6/9/2016
296,jackmarr1512,Quest for 300 ,6/9/2016
297,Spiritoffire,Quest for 300 ,6/9/2016
298,britewing,Quest for 300 ,6/9/2016
299,soyabean8,Quest for 300 ,6/9/2016
300,TabiKatz,Quest for 300 ,6/9/2016
301,Kevod1911,Quest for 300 ,6/9/2016
302,Pun1sher7313,Quest for 300 ,6/9/2016
303,Zheppo,Quest for 300 ,6/9/2016
304,EmeraldGamer627,Quest for 300 ,6/9/2016
305,Hakudoshi_69,300 Celebration!,6/9/2016
306,Spikearoony,Its Spyro Time,6/12/2016
307,mcscoutass,Its Spyro Time,6/12/2016
308,Peanut_Butter_Ghost,Its Spyro Time,6/12/2016
309,TenderShrimp,Its Spyro Time,6/12/2016
310,zacareee,Its Spyro Time,6/12/2016
311,Swagasaur70,Its Spyro Time,6/12/2016
312,LonelyLilyPad,Its Spyro Time,6/12/2016
313,VampireBadger13,Its Spyro Time,6/12/2016
314,Choirman1996,Its Spyro Time,6/12/2016
315,rtrookie,Its Spyro Time,6/12/2016
316,achievement_fur,Its Spyro Time,6/12/2016
317,Decepticon690,Its Spyro Time,6/12/2016
318,hyperactivearsonist,Its Spyro Time,6/12/2016
319,DySyncZ,Its Spyro Time,6/12/2016
320,storm_pilot,Its Spyro Time,6/12/2016
321,Experiencepoints,Its Spyro Time,6/12/2016
322,Red_PokemonMaster,Its Spyro Time,6/12/2016
323,thegovernormitch,Its Spyro Time,6/12/2016
324,SkyeloneTheGhost,Its Spyro Time,6/12/2016
325,Blackcat216,Its Still Spyro Time,6/15/2016
326,Blondiecoozie,Its Still Spyro Time,6/15/2016
327,Aledllyr,Its Still Spyro Time,6/15/2016
328,runningranger,Its Still Spyro Time,6/15/2016
329,Lindseyjames,Its Still Spyro Time,6/15/2016
330,kayi_g,Its Still Spyro Time,6/15/2016
331,Yuukke,Its Still Spyro Time,6/15/2016
332,Ender1125,Its Still Spyro Time,6/15/2016
333,Daa21195,Its Still Spyro Time,6/15/2016
334,tomatoisjp,Its Still Spyro Time,6/15/2016
335,Krow1012,Its Still Spyro Time,6/15/2016
336,heirachnid,Ending Ripto's Rage (part 1),6/19/2016
337,Kraygor911,Ending Ripto's Rage (part 1),6/19/2016
338,1swegz1,Ending Ripto's Rage (part 1),6/19/2016
339,nailcoiledink,Ending Ripto's Rage (part 1),6/19/2016
340,GemstoneGemini,Ending Ripto's Rage (part 1),6/19/2016
341,slayer666999666,Ending Ripto's Rage (part 1),6/19/2016
342,Geekygirlness,Ending Ripto's Rage (part 1),6/19/2016
343,maggpie55,Ending Ripto's Rage (part 1),6/19/2016
344,Ammyquaza,Ending Ripto's Rage (part 1),6/19/2016
345,pickshark,Ending Ripto's Rage (part 2),6/22/2016
346,schofieldsays,Ending Ripto's Rage (part 2),6/22/2016
347,Anerry,Ending Ripto's Rage (part 2),6/22/2016
348,ttttttttttpm,Ending Ripto's Rage (part 2),6/22/2016
349,TwistedDoggeh,Ending Ripto's Rage (part 2),6/22/2016
350,robotbutterflies,Ending Ripto's Rage (part 2),6/22/2016
351,KneelToGreen,Ending Ripto's Rage (part 2),6/22/2016
352,Mrmonsterousgamer,Ending Ripto's Rage (part 2),6/22/2016
353,gamasquad10,Ending Ripto's Rage (part 2),6/22/2016
354,Matt317,Ending Ripto's Rage (part 2),6/22/2016
355,MrFiggleston,Ending Ripto's Rage (part 2),6/22/2016
356,madamecassidy,Ending Ripto's Rage (part 2),6/22/2016
357,UltimateX13,Ending Ripto's Rage (part 2),6/22/2016
358,MajesticSeahawk,Ending Ripto's Rage (part 2),6/22/2016
359,Sheena_QOTJ,Ending Ripto's Rage (part 2),6/22/2016
360,Gaderwade,Ending Ripto's Rage (part 2),6/22/2016
361,z3r0an63l,Ending Ripto's Rage (part 2),6/22/2016
362,death_angel_aby,Jeremy Plays Spyro 3! (Part1),6/26/2016
363,Spareparts2104,Jeremy Plays Spyro 3! (Part1),6/26/2016
364,BrettSnow,Jeremy Plays Spyro 3! (Part1),6/26/2016
365,The_GrillMaster,Jeremy Plays Spyro 3! (Part1),6/26/2016
366,TheTrueGamer10,Jeremy Plays Spyro 3! (Part1),6/26/2016
367,redpanda30,Jeremy Plays Spyro 3! (Part1),6/26/2016
368,NoWhammies10,Jeremy Plays Spyro 3! (part 2),6/28/2016
369,Noble143gaming,Jeremy Plays Spyro 3! (part 2),6/28/2016
370,graycethetic,Jeremy Plays Spyro 3! (part 2),6/28/2016
371,Bloodman654,Jeremy Plays Spyro 3! (part 2),6/28/2016
372,Conner094,Jeremy Plays Spyro 3! (part 2),6/28/2016
373,Lord0fTheLadies,Jeremy Plays Spyro 3! (part 2),6/28/2016
374,IcePlaysLoL,Jeremy Plays Spyro 3! (part 2),6/28/2016
375,AneiTheReaper,Jeremy Plays Spyro 3! (part 2),6/28/2016
376,LazarBeamTwitch,Jeremy Plays Spyro 3! (part 2),6/28/2016
377,Jophfy,Jeremy Plays Spyro 3! (part 2),6/28/2016
378,SA_D4rk_Sh0ck,Jeremy Plays Spyro 3! (part 2),6/28/2016
379,CyanideN64,Jeremy Plays Spyro 3! (part 2),6/28/2016
380,weazy209,Jeremy Plays Spyro 3! (part 2),6/28/2016
381,GhostieNaps,Jeremy Plays Spyro 3! (part 2),6/28/2016
382,TheButtDidler,Jeremy Plays Spyro 3! (part 2),6/28/2016
383,DarkSoulSkynix,Drawful 2 VS The Audience!,6/29/2016
384,MrRageBomb321,Drawful 2 VS The Audience!,6/29/2016
385,FabledSundew,Drawful 2 VS The Audience!,6/29/2016
386,becausewhynot57,Drawful 2 VS The Audience!,6/29/2016
387,Jordwild,Drawful 2 VS The Audience!,6/29/2016
388,Suspect333,Drawful 2 VS The Audience!,6/29/2016
389,CannedChaos,Drawful 2 VS The Audience!,6/29/2016
390,red_assassin_13,Drawful 2 VS The Audience!,6/29/2016
391,chris_salim,Drawful 2 VS The Audience!,6/29/2016
392,Falris,Drawful 2 VS The Audience!,6/29/2016
393,SimonHDTV,Drawful 2 VS The Audience!,6/29/2016
394,Dasmartgirl,Drawful 2 VS The Audience!,6/29/2016
395,rasm114g,Achievement Hunting with Legos!,7/6/2016
396,myfrozenwater10,Achievement Hunting with Legos!,7/6/2016
397,TimeforTim01,Achievement Hunting with Legos!,7/6/2016
398,LittleLeonidas,Achievement Hunting with Legos!,7/6/2016
399,Mr_Meeps,Achievement Hunting with Legos!,7/6/2016
400,scfan94,Achievement Hunting with Legos!,7/6/2016
401,Thatonescot,Achievement Hunting with Legos!,7/6/2016
402,Zaephyn,Achievement Hunting with Legos!,7/6/2016
403,Dragontamer369,Achievement Hunting with Legos!,7/6/2016
404,chickenhawkz56,Achievement Hunting with Legos!,7/6/2016
405,retroactive2000,Achievement Hunting with Legos!,7/6/2016
406,bigchey2288,Achievement Hunting with Legos!,7/6/2016
407,knightlight103,Achievement Hunting with Legos!,7/6/2016
408,Awizzll,Achievement Hunting with Legos!,7/6/2016
409,makeuswise,Dooley is gonna be Dead By Daylight!,7/6/2016
410,Ialexjo,Dooley is gonna be Dead By Daylight!,7/6/2016
411,slicpher_sky_dragon69,J&K Play: 7 Days To Die,7/10/2016
412,LoganberryEnt,J&K Play: 7 Days To Die,7/10/2016
413,Crs1125,J&K Play: 7 Days To Die,7/10/2016
414,polocroft,Leveling Up in Dead By Daylight,7/12/2016
415,kylesgaming87,Leveling Up in Dead By Daylight,7/12/2016
416,GaminCricket,Leveling Up in Dead By Daylight,7/12/2016
417,williamMomo,Leveling Up in Dead By Daylight,7/12/2016
418,Liltank257,Leveling Up in Dead By Daylight,7/12/2016
419,Argel_Tal,Time for Some Cunning Stunts (part 1),7/13/2016
420,Cblankin15,Time for Some Cunning Stunts (part 1),7/13/2016
421,lucky_lux,Time for Some Cunning Stunts (part 1),7/13/2016
422,Coreyapolis,Time for Some Cunning Stunts (part 1),7/13/2016
423,rolfolsh,Time for Some Cunning Stunts (part 1),7/13/2016
424,AmbitiousToaster,Time for Some Cunning Stunts (part 1),7/13/2016
425,daluna13,Time for Some Cunning Stunts (part 1),7/13/2016
426,Mdg20042006,Time for Some Cunning Stunts (part 1),7/13/2016
427,SlowMissiles,Time for Some Cunning Stunts (part 1),7/13/2016
428,calebkat,Time for Some Cunning Stunts (part 1),7/13/2016
429,OrionX2,Time for Some Cunning Stunts (part 2),7/15/2016
430,xRageDragon,Time for Some Cunning Stunts (part 2),7/15/2016
431,therealdas,Time for Some Cunning Stunts (part 2),7/15/2016
432,ayyyitsabby,Time for Some Cunning Stunts (part 2),7/15/2016
433,jtaylor09,Time for Some Cunning Stunts (part 2),7/15/2016
434,shadymattloz,Time for Some Cunning Stunts (part 2),7/15/2016
435,Newdori1,Every Night I'm Partying!,7/17/2016
436,Cbyzanrineolin,Every Night I'm Partying!,7/17/2016
437,L3nnyB,Every Night I'm Partying!,7/17/2016
438,HotSweetCorn,Every Night I'm Partying!,7/17/2016
439,guinea_goon,Every Night I'm Partying!,7/17/2016
440,honeybabyharry,Every Night I'm Partying!,7/17/2016
441,wittyky,Every Night I'm Partying!,7/17/2016
442,alexisb1227,Every Night I'm Partying!,7/17/2016
443,strategyboyz21,Every Night I'm Partying!,7/17/2016
444,J12amos,Every Night I'm Partying!,7/17/2016
445,Reiderreiter,Every Night I'm Partying!,7/17/2016
446,adraowen,Every Night I'm Partying!,7/17/2016
447,MKMatty,Leveling Up The Killers! (part 1),7/19/2016
448,ICiLiLIguinyg,Leveling Up The Killers! (part 1),7/19/2016
449,Hxcfrog090,Leveling Up The Killers! (part 1),7/19/2016
450,Lizziegrl42,Leveling Up The Killers! (part 1),7/19/2016
451,byrd156,Leveling Up The Killers! (part 1),7/19/2016
452,ToastyToast77,Leveling Up The Killers! (part 1),7/19/2016
453,A83L,Leveling Up The Killers! (part 1),7/19/2016
454,PupusaMonkey,Leveling Up The Killers! (part 1),7/19/2016
455,fondue4kill,Leveling Up The Killers! (part 1),7/19/2016
456,maidofhate,Leveling Up The Killers! (part 1),7/19/2016
457,acampbell_alex,Leveling Up The Killers! (part 1),7/19/2016
458,marmar828,Leveling Up The Killers! (part 1),7/19/2016
459,OZZX16,Leveling Up The Killers! (part 2),7/20/2016
460,heyellie_just,Leveling Up The Killers! (part 2),7/20/2016
461,casclown,Leveling Up The Killers! (part 2),7/20/2016
462,marvl10,Leveling Up The Killers! (part 2),7/20/2016
463,MillerKiller739,Leveling Up The Killers! (part 2),7/20/2016
464,shaneb6504,Leveling Up The Killers! (part 2),7/20/2016
465,bellorkaltfan,Leveling Up The Killers! (part 2),7/20/2016
466,Elrondking,Leveling Up The Killers! (part 2),7/20/2016
467,Mrgreenfrog96,Leveling Up The Killers! (part 2),7/20/2016
468,roswellgal91,Leveling Up The Killers! (part 2),7/20/2016
469,Znelmada95,Leveling Up The Killers! (part 2),7/20/2016
470,Mustafa__0321,Leveling Up The Killers! (part 2),7/20/2016
471,Darkus36,Leveling Up The Killers! (part 2),7/20/2016
472,Dann_overboard,Leveling Up The Killers! (part 2),7/20/2016
473,Echo3Hotel,Leveling Up The Killers! (part 2),7/20/2016
474,Coyoten,Leveling Up The Killers! (part 2),7/20/2016
475,creativeprop,Leveling Up The Kilers! (part 3),7/24/2016
476,magichonkysauce,Leveling Up The Kilers! (part 3),7/24/2016
477,galen_firestone,Leveling Up The Kilers! (part 3),7/24/2016
478,betaadamantium,Leveling Up The Kilers! (part 3),7/24/2016
479,zephormite,Leveling Up The Kilers! (part 3),7/24/2016
480,optimusparky,Leveling Up The Kilers! (part 3),7/24/2016
481,itheharp,Leveling Up The Kilers! (part 3),7/24/2016
482,FrontLawnSean,Leveling Up The Kilers! (part 3),7/24/2016
483,cheyloren22,Leveling Up The Kilers! (part 3),7/24/2016
484,Shezzabezza,Leveling Up The Kilers! (part 3),7/24/2016
485,AgitatedArdency,Leveling Up The Kilers! (part 3),7/24/2016
486,ManlyTorchic,Leveling Up The Kilers! (part 3),7/24/2016
487,anthanephotography,Leveling Up The Kilers! (part 3),7/24/2016
488,chibee25,Leveling Up The Kilers! (part 3),7/24/2016
489,spazzy724,Leveling Up The Kilers! (part 3),7/24/2016
490,camingram,Leveling Up The Kilers! (part 3),7/24/2016
491,aeuriga,Leveling Up The Kilers! (part 3),7/24/2016
492,mrsspamtastic,Leveling Up The Kilers! (part 3),7/24/2016
493,BiscutHead,Leveling Up The Kilers! (part 3),7/24/2016
494,T_celona48,Leveling Up The Kilers! (part 3),7/24/2016
495,Slashseeker,Leveling Up The Kilers! (part 3),7/24/2016
496,Carter_101,Leveling Up The Killers! (part 4),7/25/2016
497,Sugarlollies78,Leveling Up The Killers! (part 4),7/25/2016
498,StampedeFTW,Leveling Up The Killers! (part 4),7/25/2016
499,mb2377,Leveling Up The Killers! (part 4),7/25/2016
500,spink2011,Leveling Up The Killers! (part 4),7/25/2016
501,Dustydexx,Leveling Up The Killers! (part 4),7/25/2016
502,Thetrueferds,Leveling Up The Killers! (part 4),7/25/2016
503,ryuuXfire13,Leveling Up The Killers! (part 4),7/25/2016
504,Byungkitty,Leveling Up The Killers! (part 4),7/25/2016
505,heyheyfan3333,Leveling Up The Killers! (part 4),7/25/2016
506,turntechGodofhead,Leveling Up The Killers! (part 4),7/25/2016
507,k2white56,Leveling Up The Killers! (part 4),7/25/2016
508,Crazedmonk9,Leveling Up The Killers! (part 4),7/25/2016
509,Aboyd4,Leveling Up The Killers! (part 4),7/25/2016
510,KingFarbauti,Double RP in Cunning Stunts!,7/27/2016
511,Glavictis,Double RP in Cunning Stunts!,7/27/2016
512,LibraryChild,Double RP in Cunning Stunts!,7/27/2016
513,retroritz,Double RP in Cunning Stunts!,7/27/2016
514,Vridiantoast,Double RP in Cunning Stunts!,7/27/2016
515,RuffleO,Double RP in Cunning Stunts!,7/27/2016
516,Tehkrizz,Double RP in Cunning Stunts!,7/27/2016
517,Rayz86,Double RP in Cunning Stunts!,7/27/2016
518,IsItRicky,Double RP in Cunning Stunts!,7/27/2016
519,olivecarnivore8,Double RP in Cunning Stunts!,7/27/2016
520,asasinxr42,Double RP in Cunning Stunts!,7/27/2016
521,twi1igh7prnc3ss,Double RP in Cunning Stunts!,7/27/2016
522,Verecoth,Double RP in Cunning Stunts!,7/27/2016
523,Warp1013,Double RP in Cunning Stunts!,7/27/2016
524,guy_zer,Double RP in Cunning Stunts!,7/27/2016
525,MajoPeaches,Double RP in Cunning Stunts!,7/27/2016
526,Jfizzlemynizzleforizzle,Double RP in Cunning Stunts!,7/27/2016
527,KicktheNitro,Double RP in Cunning Stunts!,7/27/2016
528,Travbiro,Double RP in Cunning Stunts!,7/27/2016
529,Therealjlobas,Double RP in Cunning Stunts!,7/27/2016
530,Frankjd29,Double RP in Cunning Stunts!,7/27/2016
531,Skullking720,Double RP in Cunning Stunts!,7/27/2016
532,Eucalyptus90,Double RP in Cunning Stunts!,7/27/2016
533,bellzebub_,Double RP in Cunning Stunts!,7/27/2016
534,a_dictionary,Double RP in Cunning Stunts!,7/27/2016
535,Kdhorserider,Double RP in Cunning Stunts!,7/27/2016
536,TheKnightFly,Testing out the new update!,7/29/2016
537,Rstark0524,Testing out the new update!,7/29/2016
538,valleycat752,Testing out the new update!,7/29/2016
539,AnemicWitch,Testing out the new update!,7/29/2016
540,Katie122697,Testing out the new update!,7/29/2016
541,breaktheblondie,Testing out the new update!,7/29/2016
542,starbird_rampant,Testing out the new update!,7/29/2016
543,David_weymouth,Testing out the new update!,7/29/2016
544,lowlifespider,Testing out the new update!,7/29/2016
545,imtaylortbh,Testing out the new update!,7/29/2016
546,Puckrocker1818,Testing out the new update!,7/29/2016
547,That_Girl_Kay,Testing out the new update!,7/29/2016
548,kendallraerae,Testing out the new update!,7/29/2016
549,atwongreacus,Testing out the new update!,7/29/2016
550,bonniebrownlow,Testing out the new update!,7/29/2016
551,Jayzilla830,Testing out the new update!,7/29/2016
552,PortableFoot,Testing out the new update!,7/29/2016
553,imaginarypheonix,Testing out the new update!,7/29/2016
554,hellhound7894,Testing out the new update!,7/29/2016
555,nerdtune,Testing out the new update!,7/29/2016
556,alezandrasmix,Snapping Pictures and Taking Names!,7/31/2016
557,RobSnell,Snapping Pictures and Taking Names!,7/31/2016
558,CryptShade,Snapping Pictures and Taking Names!,7/31/2016
559,GodzillaIsDead,Snapping Pictures and Taking Names!,7/31/2016
560,DatKanz,Snapping Pictures and Taking Names!,7/31/2016
561,AShyAsian,Snapping Pictures and Taking Names!,7/31/2016
562,megan_the_mezzo,Snapping Pictures and Taking Names!,7/31/2016
563,renegadeBEAR,Snapping Pictures and Taking Names!,7/31/2016
564,worstdj,Snapping Pictures and Taking Names!,7/31/2016
565,Snickafritz,Playing The Killer! (part 1),8/2/2016
566,ShadowTrickster,Playing The Killer! (part 1),8/2/2016
567,Faiakki,Playing The Killer! (part 1),8/2/2016
568,SpartanManJDOGG,Playing The Killer! (part 1),8/2/2016
569,Shade_Knight11,Playing The Killer! (part 1),8/2/2016
570,casual_nerd,Playing The Killer! (part 1),8/2/2016
571,SirMycoal,Playing The Killer! (part 1),8/2/2016
572,Knighthunter67,Playing The Killer! (part 1),8/2/2016
573,flapjacks331,Playing The Killer! (part 1),8/2/2016
574,samkarnt,Playing The Killer! (part 1),8/2/2016
575,Amac19,Playing The Killer! (part 1),8/2/2016
576,tallymon,Playing The Killer! (part 1),8/2/2016
577,zapatom21,Playing The Killer! (part 1),8/2/2016
578,TheLastTenor,Playing The Killer! (part 1),8/2/2016
579,Conatron0,Playing The Killer! (part 1),8/2/2016
580,race_monkey,Playing The Killer! (part 1),8/2/2016
581,rage_gamer369,Playing The Killer! (part 1),8/2/2016
582,Dutchpotato,Playing The Killer! (part 1),8/2/2016
583,MutilatedHarlot,Playing The Killer! (part 1),8/2/2016
584,luchemuffin,Playing The Killer! (part 1),8/2/2016
585,Melyssawithay,Playing The Killer! (part 1),8/2/2016
586,DivinelyCh0sen1,Playing The Killer! (part 1),8/2/2016
587,mazman25,Playing The Killer! (part 1),8/2/2016
588,Luxury_cruise,Playing The Killer! (part 1),8/2/2016
589,dancing_in_lunar_rays,Playing The Killer! (part 1),8/2/2016
590,sayywhaaaa,Playing The Killer! (part 1),8/2/2016
591,Thatdudemarcus1,Playing The Killer! (part 1),8/2/2016
592,Powerfuldragon,Playing The Killer! (part 1),8/2/2016
593,Thejackied,Playing The Killer! (part 1),8/2/2016
594,aetherdrol,Playing The Killer! (part 1),8/2/2016
595,DCcomixfan,Playing The Killer! (part 1),8/2/2016
596,Tyguy83,Playing The Killer! (part 1),8/2/2016
597,its_keisha,Playing The Killer! (part 1),8/2/2016
598,itstessthemess,Playing The Killer! (part 1),8/2/2016
599,MaciolekScrub,Playing The Killer! (part 1),8/2/2016
600,Mary_Wadlo,Playing The Killer! (part 1),8/2/2016
601,seaxchels,Playing The Killer! (part 1),8/2/2016
602,Claybear_7,Playing The Killer! (part 1),8/2/2016
603,oddistox,Playing The Killer! (part 2),8/3/2016
604,Keiranredhead2809,Playing The Killer! (part 2),8/3/2016
605,ruthie55,Playing The Killer! (part 2),8/3/2016
606,Bottle_Egg,Playing The Killer! (part 2),8/3/2016
607,BladeOfThePoet,Playing The Killer! (part 2),8/3/2016
608,Noah_Fox58,Playing The Killer! (part 2),8/3/2016
609,DemonLord81,Playing The Killer! (part 2),8/3/2016
610,SomeKindOfCaveDemon,Playing The Killer! (part 2),8/3/2016
611,likethefoxx,Playing The Killer! (part 2),8/3/2016
612,AssassinC013,Journey to 500 Subs! (How to: Murder your Mods),8/7/2016
613,CTakamoto,Journey to 500 Subs! (How to: Murder your Mods),8/7/2016
614,ImaHotDogg,Journey to 500 Subs! (How to: Murder your Mods),8/7/2016
615,AnimNate,Journey to 500 Subs! (How to: Murder your Mods),8/7/2016
616,quilyho,Journey to 500 Subs! (How to: Murder your Mods),8/7/2016
617,Drayster909,Journey to 500 Subs! (How to: Murder your Mods),8/7/2016
618,LouisJaco5000,Journey to 500 Subs! (How to: Murder your Mods),8/7/2016
619,katydid897,Journey to 500 Subs! (How to: Murder your Mods),8/7/2016
620,cjcjc1,Journey to 500 Subs! (How to: Murder your Mods),8/7/2016
621,Packal24,Journey to 500 Subs! (How to: Murder your Mods),8/7/2016
622,naturalnemesis,Journey to 500 Subs! (How to: Murder your Mods),8/7/2016
623,DibsOnTucker,Journey to 500 Subs! (How to: Murder your Mods),8/7/2016
624,APCarr88,Journey to 500 Subs! (How to: Murder your Mods),8/7/2016
625,thepetercorey,Journey to 500 Subs! (How to: Murder your Mods),8/7/2016
626,SarahWithStars,Journey to 500 Subs! (How to: Murder your Mods),8/7/2016
627,Ashh93,500 HYPE!!! On the road to 550!,8/7/2016
628,ThatSpoonyBard,500 HYPE!!! On the road to 550!,8/7/2016
629,Arlphonse,500 HYPE!!! On the road to 550!,8/7/2016
630,Christhecomical,500 HYPE!!! On the road to 550!,8/7/2016
631,eltoroloco24,500 HYPE!!! On the road to 550!,8/7/2016
632,Colossus1921,500 HYPE!!! On the road to 550!,8/7/2016
633,slitherysnake28,500 HYPE!!! On the road to 550!,8/7/2016
634,andy_del_fuego,500 HYPE!!! On the road to 550!,8/7/2016
635,Scazgrin,500 HYPE!!! On the road to 550!,8/7/2016
636,CRD_IV,500 HYPE!!! On the road to 550!,8/7/2016
637,Shadow523,500 HYPE!!! On the road to 550!,8/7/2016
638,Irelandocalrissian,500 HYPE!!! On the road to 550!,8/7/2016
639,wildweetabix,500 HYPE!!! On the road to 550!,8/7/2016
640,killersd2,500 HYPE!!! On the road to 550!,8/7/2016
641,mega_megs,500 HYPE!!! On the road to 550!,8/7/2016
642,CyberRad,500 HYPE!!! On the road to 550!,8/7/2016
643,Zygerria,500 HYPE!!! On the road to 550!,8/7/2016
644,slytheringamergirl,500 HYPE!!! On the road to 550!,8/7/2016
645,LynxOverDrive,500 HYPE!!! On the road to 550!,8/7/2016
646,LucasMan272,500 HYPE!!! On the road to 550!,8/7/2016
647,Littlestshaadow,500 HYPE!!! On the road to 550!,8/7/2016
648,prplexedpenguin,500 HYPE!!! On the road to 550!,8/7/2016
649,cassantique,500 HYPE!!! On the road to 550!,8/7/2016
650,ColonelBlues,500 HYPE!!! On the road to 550!,8/7/2016
651,L0rtig,500 HYPE!!! On the road to 550!,8/7/2016
652,Tofuboi1986,500 HYPE!!! On the road to 550!,8/7/2016
653,kutharbloodoath,500 HYPE!!! On the road to 550!,8/7/2016
654,sohJuri,500 HYPE!!! On the road to 550!,8/7/2016
655,JoJo0448,500 HYPE!!! On the road to 550!,8/7/2016
656,wildbillhickoc,500 HYPE!!! On the road to 550!,8/7/2016
657,rm808,500 HYPE!!! On the road to 550!,8/7/2016
658,mmmchicken12,500 HYPE!!! On the road to 550!,8/7/2016
659,meaderstick,500 HYPE!!! On the road to 550!,8/7/2016
660,ashmanda,500 HYPE!!! On the road to 550!,8/7/2016
661,EquinsuOchaZeke,500 HYPE!!! On the road to 550!,8/7/2016
662,Casblueeye,500 HYPE!!! On the road to 550!,8/7/2016
663,Obeseafricanboy,500 HYPE!!! On the road to 550!,8/7/2016
664,Gaywoodforhaywood,500 HYPE!!! On the road to 550!,8/7/2016
665,Annabell_toki,500 HYPE!!! On the road to 550!,8/7/2016
666,MochiMaccha,500 HYPE!!! On the road to 550!,8/7/2016
667,Razorrocks,500 HYPE!!! On the road to 550!,8/7/2016
668,JillianCowart,500 HYPE!!! On the road to 550!,8/7/2016
669,DoubleGi_,500 HYPE!!! On the road to 550!,8/7/2016
670,Theupernacho,500 HYPE!!! On the road to 550!,8/7/2016
671,burningchrome68,500 HYPE!!! On the road to 550!,8/7/2016
672,mikeyz1994,500 HYPE!!! On the road to 550!,8/7/2016
673,Baneofall,Journey to 600,8/7/2016
674,RumTwitching,No Man's Sky! Journey to 600,8/9/2016
675,BowlerBoy900,No Man's Sky! Journey to 600,8/9/2016
676,the_real_brewski,No Man's Sky! Journey to 600,8/9/2016
677,dragonreciever,No Man's Sky! Journey to 600,8/9/2016
678,BlackDelta14,No Man's Sky! Journey to 600,8/9/2016
679,EndlessChrousGaming,No Man's Sky! Journey to 600,8/9/2016
680,Kieranhal84,No Man's Sky! Journey to 600,8/9/2016
681,thefreekydeeky,No Man's Sky! Journey to 600,8/9/2016
682,megaocd1976,No Man's Sky! Journey to 600,8/9/2016
683,InsaneTacoz,No Man's Sky! Journey to 600,8/9/2016
684,Ezekeil42,No Man's Sky! Journey to 600,8/9/2016
685,xrealxfreak,No Man's Sky! Journey to 600,8/9/2016
686,aloradarling,Quiplash With Mods on the Journey to 600 Monster Trucks!,8/10/2016
687,jhall160,Quiplash With Mods on the Journey to 600 Monster Trucks!,8/10/2016
688,GTWorldChamp,Quiplash With Mods on the Journey to 600 Monster Trucks!,8/10/2016
689,Divinechaos08,Quiplash With Mods on the Journey to 600 Monster Trucks!,8/10/2016
690,pandastar102,Quiplash With Mods on the Journey to 600 Monster Trucks!,8/10/2016
691,TuxedoJericho,Quiplash With Mods on the Journey to 600 Monster Trucks!,8/10/2016
692,mindelann,Quiplash With Mods on the Journey to 600 Monster Trucks!,8/10/2016
693,Kataniiago,Quiplash With Mods on the Journey to 600 Monster Trucks!,8/10/2016
694,bamfmcgee62,Quiplash With Mods on the Journey to 600 Monster Trucks!,8/10/2016
695,m3gashiny,Quiplash With Mods on the Journey to 600 Monster Trucks!,8/10/2016
696,Quietlyanonymous,Quiplash With Mods on the Journey to 600 Monster Trucks!,8/10/2016
697,brewers_19,Quiplash With Mods on the Journey to 600 Monster Trucks!,8/10/2016
698,Dizzzyfoot,Quiplash With Mods on the Journey to 600 Monster Trucks!,8/10/2016
699,mrdonut211,Quiplash With Mods on the Journey to 600 Monster Trucks!,8/10/2016
700,ridgequibble,Quiplash With Mods on the Journey to 600 Monster Trucks!,8/10/2016
701,Bubbarenzo,Worms WMD Campaign on the Journey to 600 Monster Trucks!,8/13/2016
702,BukkakeGleg,Worms WMD Campaign on the Journey to 600 Monster Trucks!,8/13/2016
703,jman9877,Worms WMD Campaign on the Journey to 600 Monster Trucks!,8/13/2016
704,Bpconboy,Worms WMD Campaign on the Journey to 600 Monster Trucks!,8/13/2016
705,D556mm,Worms WMD Campaign on the Journey to 600 Monster Trucks!,8/13/2016
706,ms_malum,Worms WMD Campaign on the Journey to 600 Monster Trucks!,8/13/2016
707,ThrashingViking,Worms WMD Campaign on the Journey to 600 Monster Trucks!,8/13/2016
708,JohnnyO117,Worms WMD Campaign on the Journey to 600 Monster Trucks!,8/13/2016
709,kboggs,Killing Scared People on the Journey to 600 Monster Trucks!,8/14/2016
710,metalroyal,Killing Scared People on the Journey to 600 Monster Trucks!,8/14/2016
711,JuniorMidget,Killing Scared People on the Journey to 600 Monster Trucks!,8/14/2016
712,Taylotjelly,Killing Scared People on the Journey to 600 Monster Trucks!,8/14/2016
713,cameronmoose1,Killing Scared People on the Journey to 600 Monster Trucks!,8/14/2016
714,Jennywascool,Killing Scared People on the Journey to 600 Monster Trucks!,8/14/2016
715,Mrheppers,Killing Scared People on the Journey to 600 Monster Trucks!,8/14/2016
716,Feral1andonly,Killing Scared People on the Journey to 600 Monster Trucks!,8/14/2016
717,cjackson02,Killing Scared People on the Journey to 600 Monster Trucks!,8/14/2016
718,Tepheri,Killing Scared People on the Journey to 600 Monster Trucks!,8/14/2016
719,CongratuWellDone,Chillin' and Killin',8/17/2016
720,DigitalVirus816,Chillin' and Killin',8/17/2016
721,bluehatkid15,Chillin' and Killin',8/17/2016
722,deadwarrior00,Chillin' and Killin',8/17/2016
723,Dark_empress_AC,Chillin' and Killin',8/17/2016
724,deadlykiwio0,Chillin' and Killin',8/17/2016
725,Vashnarz,New killer! The Nurse!,8/24/2016
726,Ashes2609,New killer! The Nurse!,8/24/2016
727,sequoyahrose,"New killer, it's the Not-a-Nurse",8/24/2016
728,Oblivionchild,We're getting to 50 or else!,8/27/2016
729,dctrchewbacca,We're getting to 50 or else!,8/27/2016
730,utukku232,We're getting to 50 or else!,8/27/2016
731,the_problematic_blender,We're getting to 50 or else!,8/27/2016
732,Sebkert,We're getting to 50 or else!,8/27/2016
733,ctumb5,We're getting to 50 or else!,8/27/2016
734,ezract,We're getting to 50 or else!,8/27/2016
735,jake5422,We're getting to 50 or else!,8/27/2016
736,Heedthegatekeeper,We're getting to 50 or else!,8/27/2016
737,DrunkPaz,Rituals and Surviving,8/28/2016
738,Chaotic_Nachos,Rituals and Surviving,8/28/2016
739,Rogue_likethexmen,Rituals and Surviving,8/28/2016
740,returners95,Rituals and Surviving,8/28/2016
741,JLMatthews8,Taking a Ride in Nuka World!,9/4/2016
742,lilriss,Taking a Ride in Nuka World!,9/4/2016
743,Chazzaward,Taking a Ride in Nuka World!,9/4/2016
744,Adriannightwolf22,Taking a Ride in Nuka World!,9/4/2016
745,idrown420babies,Taking a Ride in Nuka World!,9/4/2016
746,Shaaggyy,Taking a Ride in Nuka World!,9/4/2016
747,armageddillo,Taking a Ride in Nuka World!,9/4/2016
748,AbnormalPanda521,Taking a Ride in Nuka World! bleches included,9/4/2016
749,SeenaRaven,Taking a Ride in Nuka World! bleches included,9/4/2016
750,Caezariusgz,Taking a Ride in Nuka World! bleches included,9/4/2016
751,BlurpleShark,Drunk By Daylight,9/4/2016
752,meeowex,Drunk By Daylight,9/4/2016
753,Tank_it54,Drunk By Daylight,9/4/2016
754,SchtivanTheTrbl,Drunk By Daylight,9/4/2016
755,crestedparasaur,Drunk By Daylight,9/4/2016
756,briskpepper,Drunk By Daylight,9/4/2016
757,scelestussum,Drunk By Daylight,9/4/2016
758,Nevervaliant,Drunk By Daylight,9/4/2016
759,Zaczac111,Alive By Daylight,9/6/2016
760,KatHendy,Alive By Daylight,9/6/2016
761,wendell890,Alive By Daylight,9/6/2016
762,TaterMunster,Alive By Daylight,9/6/2016
763,ShapuTapu,Alive By Daylight,9/6/2016
764,raeganist,Alive By Daylight,9/6/2016
765,CptPatrickDKirk,Alive By Daylight,9/6/2016
766,bench413,Alive By Daylight,9/6/2016
767,vnexez,Alive By Daylight,9/6/2016
768,NinjaLibrarian,Alive By Daylight,9/6/2016
769,Onzwald,Alive By Daylight,9/6/2016
770,Dorythefishy98,Alive By Daylight,9/6/2016
771,tootalltyler22,Alive By Daylight,9/6/2016
772,whateverkade,Alive By Daylight,9/6/2016
773,TheFlying0live,Killer Roulette,9/7/2016
774,bigtank_,Killer Roulette,9/7/2016
775,TheShadowKnives,Killer Roulette,9/7/2016
776,Creepahshank,Killer Roulette,9/7/2016
777,kianbjorkinshive,Killer Roulette,9/7/2016
778,Grifcrev,Killer Roulette,9/7/2016
779,Lilchris8668,Killer Roulette,9/7/2016
780,siegebreakernight144,Drunk Survival!,9/10/2016
781,Jonisspiffy,Drunk Survival!,9/10/2016
782,Inzanity22,Drunk Survival!,9/10/2016
783,cafuigle,Drunk Survival!,9/10/2016
784,LegendOfLayne,Drunk Survival!,9/10/2016
785,ImRahcaz,Drunk Survival!,9/10/2016
786,statefan3150,Thriving and Surviving,9/11/2016
787,String_Theorist,Thriving and Surviving,9/11/2016
788,SageonTheInternets,Thriving and Surviving,9/11/2016
789,FroZtyNutZz,Thriving and Surviving,9/11/2016
790,walkingtank27,Thriving and Surviving,9/11/2016
791,Lucina_shade112,Welcome to Rapture!,9/13/2016
792,crystal_log_gaming,Welcome to Rapture!,9/13/2016
793,Pengwenn,Welcome to Rapture!,9/13/2016
794,Stephanisincere,Just kidding Murder all the peeps,9/13/2016
795,krxmpirr,Just kidding Murder all the peeps,9/13/2016
796,petrafye,Just kidding Murder all the peeps,9/13/2016
797,Lucifer_Kreegan,Just kidding Murder all the peeps,9/13/2016
798,mattybreaks,Just kidding Murder all the peeps,9/13/2016
799,GuttedMicrobe,Just kidding Murder all the peeps,9/13/2016
800,AgentGauntlet,Just kidding Murder all the peeps,9/13/2016
801,Lexaloo,Just kidding Murder all the peeps,9/13/2016
802,LordCone,"Rituals, Death, and Survival!",9/14/2016
803,ChrisGil18,"Rituals, Death, and Survival!",9/14/2016
804,tdemon94,"Rituals, Death, and Survival!",9/14/2016
805,jondi316,"Rituals, Death, and Survival!",9/14/2016
806,DarlesCharwin,"Rituals, Death, and Survival!",9/14/2016
807,DJBarc,"Rituals, Death, and Survival!",9/14/2016
808,winnmusic,"Rituals, Death, and Survival!",9/14/2016
809,brutalbrummie,"Rituals, Death, and Survival!",9/14/2016
810,MishaVoraza,"Rituals, Death, and Survival!",9/14/2016
811,friendlycybird,"Rituals, Death, and Survival!",9/14/2016
812,Debaucherous,"Rituals, Death, and Survival!",9/14/2016
813,OneCrazyIowan,Saturday Night Party!,9/17/2016
814,abysmalpie,Saturday Night Party!,9/17/2016
815,Wellthatsrealawkward,Saturday Night Party!,9/17/2016
816,biblionerd,Saturday Night Party!,9/17/2016
817,mattymatt109,Saturday Night Party!,9/17/2016
818,cbriggs91,Saturday Night Party!,9/17/2016
819,kawaiimandar,Saturday Night Party!,9/17/2016
820,smolrosebun,Saturday Night Party!,9/17/2016
821,Jonobarbs,Saturday Night Party!,9/17/2016
822,enkaygee132,Saturday Night Party!,9/17/2016
823,drag0n08,Saturday Night Party!,9/17/2016
824,mrcomplez9fo,Saturday Night Party!,9/17/2016
825,Gombar1234,Saturday Night Party!,9/17/2016
826,collinnator5,Saturday Night Party!,9/17/2016
827,Sammie3312,Saturday Night Party!,9/17/2016
828,rhyswhitby96,The Return to Destiny,9/21/2016
829,Porkchop70,The Return to Destiny,9/21/2016
830,insanezane98,The Return to Destiny,9/21/2016
831,Metaork2,Destiny Strikes with Mods,9/27/2016
832,FuriousHalfman,Destiny Strikes with Mods,9/27/2016
833,FineDiningForHobos,Destiny Strikes with Mods,9/27/2016
834,XbloodportalX,A little Light Grinding,9/29/2016
835,finny545,A little Light Grinding,9/29/2016
836,ShadowOfSpades,,
837,orxstes,,
838,r2wingo,,
839,Imperacis,,
840,mrfirebass,,
841,buses_bridge,Jackbox with Mods and Subs,10/2/2016
842,Sparcey,Jackbox with Mods and Subs,10/2/2016
843,MartyGras2,Jackbox with Mods and Subs,10/2/2016
844,WarMonkey782,Jackbox with Mods and Subs,10/2/2016
845,Jero1331,Jackbox with Mods and Subs,10/2/2016
846,SageBailey,Jackbox with Mods and Subs,10/2/2016
847,PolarBearPat,Jackbox with Mods and Subs,10/2/2016
848,MyNameIsNotActuallyDewey,Jackbox with Mods and Subs,10/2/2016
849,aliceinforeverland,Jackbox with Mods and Subs,10/2/2016
850,Pilborg,Jackbox with Mods and Subs,10/2/2016
851,MKlondikeZ,Jackbox with Mods and Subs,10/2/2016
852,Black_Knight_Gamer,Jackbox with Mods and Subs,10/2/2016
853,FateXeroSaber,Jackbox with Mods and Subs,10/2/2016
854,chabone,Jackbox with Mods and Subs,10/2/2016
855,Friedrice88,Jackbox with Mods and Subs,10/2/2016
856,Peachyrobynhood,Jackbox with Mods and Subs,10/2/2016
857,Fps_Tex,Jackbox with Mods and Subs,10/2/2016
858,pcwattstx,Jackbox with Mods and Subs,10/2/2016
859,UsernameWhatUsername,Jackbox with Mods and Subs,10/2/2016
860,SteepledClock,Jackbox with Mods and Subs,10/2/2016
861,hey_lady,Jackbox with Mods and Subs,10/2/2016
862,ninjavitas,Jackbox with Mods and Subs,10/2/2016
863,jojj351,Jackbox with Mods and Subs,10/2/2016
864,bartonsbow,Jackbox with Mods and Subs,10/2/2016
865,scanrelief,Jackbox with Mods and Subs,10/2/2016
866,RandalFlagg,Jackbox with Mods and Subs,10/2/2016
867,kopinx,Jackbox with Mods and Subs,10/2/2016
868,Advion,Jackbox with Mods and Subs,10/2/2016
869,HumanAbstrac7,Jackbox with Mods and Subs,10/2/2016
870,not_ferrari,Jackbox with Mods and Subs,10/2/2016
871,SconesMcJones,Jackbox with Mods and Subs,10/2/2016
872,schbank,,
873,LunacyAndPirates,,
874,juliasbutt,Quiplash with Mods and Subs,10/5/2016
875,M4STERHYDRA,Quiplash with Mods and Subs,10/5/2016
876,toddkisky,Quiplash with Mods and Subs,10/5/2016
877,SmithCommaJohn,Quiplash with Mods and Subs,10/5/2016
878,WolfOfTheApocalypse,Quiplash with Mods and Subs,10/5/2016
879,LazyNinja421,Quiplash with Mods and Subs,10/5/2016
880,sandrathedev,Quiplash with Mods and Subs,10/5/2016
881,Bsoxmk2,Quiplash with Mods and Subs,10/5/2016
882,BurntPopcorn95,Quiplash with Mods and Subs,10/5/2016
883,penguindrums,Quiplash with Mods and Subs,10/5/2016
884,Spartan224,Quiplash with Mods and Subs,10/5/2016
885,vicky0716,Quiplash with Mods and Subs,10/5/2016
886,Kinky888,Quiplash with Mods and Subs,10/5/2016
887,Superman123096,Quiplash with Mods and Subs,10/5/2016
888,McCollen,Quiplash with Mods and Subs,10/5/2016
889,Mmistalski,Quiplash with Mods and Subs,10/5/2016
890,thenanobiologist,Quiplash with Mods and Subs,10/5/2016
891,MeliAtherton,Quiplash with Mods and Subs,10/5/2016
892,smokemethhailsatan66,Quiplash with Mods and Subs,10/5/2016
893,X_Canadian,Quiplash with Mods and Subs,10/5/2016
894,QuietDanger,Quiplash with Mods and Subs,10/5/2016
895,JCosta197,Quiplash with Mods and Subs,10/5/2016
896,TomFawkes,Quiplash with Mods and Subs,10/5/2016
897,Amadom23,Quiplash with Mods and Subs,10/5/2016
898,nibbles001,Quiplash with Mods and Subs,10/5/2016
899,Bebop_Fox,Quiplash with Mods and Subs,10/5/2016
900,carmajo,Quiplash with Mods and Subs,10/5/2016
901,SixtyMinotaur5,Quiplash with Mods and Subs,10/5/2016
902,traviserblonger,Quiplash with Mods and Subs,10/5/2016
903,chocolatechipcooky,Quiplash with Mods and Subs,10/5/2016
904,atalla_13,Quiplash with Mods and Subs,10/5/2016
905,Psychocite,Quiplash with Mods and Subs,10/5/2016
906,Kickasaurousrex,Quiplash with Mods and Subs,10/5/2016
907,JackPattillo,,
908,Shannon_413,,
909,SulNathair,,
910,SparkVagabond,,
911,Superandrd,The Stream Returns!,10/16/2016
912,Fen_Tyrvinr,The Stream Returns!,10/16/2016
913,Seop65,The Stream Returns!,10/16/2016
914,Dconk429,The Stream Returns!,10/16/2016
915,Assassin11700,The Stream Returns!,10/16/2016
916,FumblesTBG,The Stream Returns!,10/16/2016
917,pippakatex,The Stream Returns!,10/16/2016
918,Luciushinds,The Stream Returns!,10/16/2016
919,jherbst22,The Stream Returns!,10/16/2016
920,malrinkye,The Stream Returns!,10/16/2016
921,Soifon2000,The Stream Returns!,10/16/2016
922,JDuBz2008,The Stream Returns!,10/16/2016
923,Tabularasa98,The Stream Returns!,10/16/2016
924,Erob2232004,The Stream Returns!,10/16/2016
925,maliciousmel,The Stream Returns!,10/16/2016
926,samuriamc,The Stream Returns!,10/16/2016
927,Wub_Angel021,The Stream Returns!,10/16/2016
928,princesseilonwy,The Stream Returns!,10/16/2016
929,BrutalGiraffe,The Stream Returns!,10/16/2016
930,ariakan602,,
931,Zerstoer,,
932,Predatorylaywer,New Jackbox Games With Subs and Mods!,10/21/2016
933,HaloSenpai,New Jackbox Games With Subs and Mods!,10/21/2016
934,Adamissarcastic,New Jackbox Games With Subs and Mods!,10/21/2016
935,Mattl96,New Jackbox Games With Subs and Mods!,10/21/2016
936,expo0314,New Jackbox Games With Subs and Mods!,10/21/2016
937,corsicanwolf,New Jackbox Games With Subs and Mods!,10/21/2016
938,melrosefree,New Jackbox Games With Subs and Mods!,10/21/2016
939,OrientalMustang,New Jackbox Games With Subs and Mods!,10/21/2016
940,NobleRusskie,New Jackbox Games With Subs and Mods!,10/21/2016
941,boo_rns,New Jackbox Games With Subs and Mods!,10/21/2016
942,Nick7games,New Jackbox Games With Subs and Mods!,10/21/2016
943,Mog1016,New Jackbox Games With Subs and Mods!,10/21/2016
944,Bostonbrawler02,New Jackbox Games With Subs and Mods!,10/21/2016
945,LightTheHedgie,New Jackbox Games With Subs and Mods!,10/21/2016
946,blarsen108965,New Jackbox Games With Subs and Mods!,10/21/2016
947,Dsomersni90,New Jackbox Games With Subs and Mods!,10/21/2016
948,Nemeanblade,,
949,Hubble4546,War is Hell! Battlefield 1 Multiplayer,10/23/2016
950,sydestar,War is Hell! Battlefield 1 Multiplayer,10/23/2016
951,BeardedGamer816,War is Hell! Battlefield 1 Multiplayer,10/23/2016
952,smauer36,War is Hell! Battlefield 1 Multiplayer,10/23/2016
953,barisaxy1258,War is Hell! Battlefield 1 Multiplayer,10/23/2016
954,Gamerfreeq,War is Hell! Battlefield 1 Multiplayer,10/23/2016
955,siino56,War is Hell! Battlefield 1 Multiplayer,10/23/2016
956,SgtExio96,War is Hell! Battlefield 1 Multiplayer,10/23/2016
957,shutupjoker,War is Hell! Battlefield 1 Multiplayer,10/23/2016
958,Whigham,War is Hell! Battlefield 1 Multiplayer,10/23/2016
959,chaoslord48,War is Hell! Battlefield 1 Multiplayer,10/23/2016
960,Orangemonkfish,War is Hell! Battlefield 1 Multiplayer,10/23/2016
961,InsaneJedi,War is Hell! Battlefield 1 Multiplayer,10/23/2016
962,Darkstone12,Skyrimmy Tim time,10/26/2016
963,ZeroSanity626,Skyrimmy Tim time,10/26/2016
964,theta777,Skyrimmy Tim time,10/26/2016
965,P8on8,Skyrimmy Tim time,10/26/2016
966,firewolf180,Skyrimmy Tim time,10/26/2016
967,Erisbatt,Skyrimmy Tim time,10/26/2016
968,otheraccbanned,Skyrimmy Tim time,10/26/2016
969,dmbdan41,Skyrimmy Tim time,10/26/2016
970,Parnolm,Skyrimmy Tim time,10/26/2016
971,GenghisKahn1992,Skyrimmy Tim time,10/26/2016
972,Greensplatt,Skyrimmy Tim time,10/26/2016
973,Relmaster007,Skyrimmy Tim time,10/26/2016
974,WariosBigPurpleAss,Skyrimmy Tim time,10/26/2016
975,xzar62,Skyrimmy Tim time,10/26/2016
976,RickG728,Skyrimmy Tim time,10/26/2016
977,grim576,Skyrimmy Tim time,10/26/2016
978,wyrmn349,Skyrimmy Tim time,10/26/2016
979,Cabbage_Patch98,Skyrimmy Tim time,10/26/2016
980,Andrewfinley,Skyrimmy Tim time,10/26/2016
981,flamingkay,Skyrimmy Tim time,10/26/2016
982,ZakuZakuJon,Skyrimmy Tim time,10/26/2016
983,FreeLouie3,Skyrimmy Tim time,10/26/2016
984,SmoochSpider,,
985,sleepyhat,The Legendary Tale of R'mmy Tym,10/28/2016
986,MielMurcielago,The Legendary Tale of R'mmy Tym,10/28/2016
987,Tylerterza17,The Legendary Tale of R'mmy Tym,10/28/2016
988,Destiri_01,The Legendary Tale of R'mmy Tym,10/28/2016
989,SatanKaitlin,The Legendary Tale of R'mmy Tym,10/28/2016
990,Traphauss,The Legendary Tale of R'mmy Tym,10/28/2016
991,AnthraxRainbow,The Legendary Tale of R'mmy Tym,10/28/2016
992,jaredwillis2488,The Legendary Tale of R'mmy Tym,10/28/2016
993,Mythic_Skull,The Legendary Tale of R'mmy Tym,10/28/2016
994,scarlett2598,The Legendary Tale of R'mmy Tym,10/28/2016
995,El_Nadador,The Legendary Tale of R'mmy Tym,10/28/2016
996,maximus_45,The Legendary Tale of R'mmy Tym,10/28/2016
997,Th3BlackWidow,The Legendary Tale of R'mmy Tym,10/28/2016
998,Shandrilis,The Legendary Tale of R'mmy Tym,10/28/2016
999,HyperlyncGaming,The Legendary Tale of R'mmy Tym,10/28/2016
1000,mstocke,The Legendary Tale of R'mmy Tym,10/28/2016
